<?xml version="1.0" encoding="UTF-8"?>
<!DOCTYPE generatorConfiguration
 PUBLIC " -//mybatis.org//DTD MyBatis Generator Configuration 1.0//EN"
 "http://mybatis.org/dtd/mybatis-generator-config_1_0.dtd">
<generatorConfiguration>

    <!--导入属性配置 -->
    <properties resource="generator.properties"></properties>

    <!--指定特定数据库的jdbc驱动jar包的位置 -->
    <classPathEntry location="${jdbc.driverLocation}"/>

    <context id="default" targetRuntime="MyBatis3">


        <!-- optional，旨在创建class时，对注释进行控制 -->
        <commentGenerator>
            <property name="suppressDate" value="true"/>
            <!-- 是否去除自动生成的注释 true：是 ： false:否 -->
            <property name="suppressAllComments" value="true" />
        </commentGenerator>


        <!--jdbc的数据库连接 -->
        <jdbcConnection driverClass="${jdbc.driverClass}" connectionURL="${jdbc.connectionURL}" userId="${jdbc.username}" password="${jdbc.password}">
        </jdbcConnection>


        <javaModelGenerator targetPackage="model"
                            targetProject="src\main\java">
            <property name="enableSubPackages" value="true"/>
            <property name="trimStrings" value="true"/>
        </javaModelGenerator>

        <sqlMapGenerator targetPackage="mapper"
                         targetProject="src\main\java">
            <property name="enableSubPackages" value="true"/>
        </sqlMapGenerator>

        <javaClientGenerator targetPackage="mapper"
                             targetProject="src\main\java" type="XMLMAPPER">
            <property name="enableSubPackages" value="true"/>
        </javaClientGenerator>

        <!-- tableName 是数据库名 -->
        <table tableName="${tableName}" domainObjectName="objectName"
               enableCountByExample="false" enableUpdateByExample="false"
               enableDeleteByExample="false" enableSelectByExample="false"
               selectByExampleQueryId="false">
        </table>

    </context>
</generatorConfiguration>